id,track_id,title,artist,genre,source,filename,path,tempo,rms,zcr,spectral_centroid,spectral_rolloff,mfcc_1,mfcc_2,mfcc_3,mfcc_4,mfcc_5,mfcc_6,mfcc_7,mfcc_8,mfcc_9,mfcc_10,mfcc_11,mfcc_12,mfcc_13
demo_000,D0000,Crystal Voyage,Aster Club,Pop,demo,,,110.26636783405085,0.18921876960206246,0.06349340879005201,2678.397078339891,4678.531858275911,-152.56226336196454,-148.06987284992397,-118.49639043354834,-101.7254822688703,-109.6082815092307,-89.16743605489854,-62.47727677466172,-50.77994073874866,-33.13440926003431,-24.57435142058864,4.5351837989026285,18.972335483431586,28.528245580489727
demo_001,D0001,Electric Lights,Glass Harbor,Rock,demo,,,137.54381480317946,0.26822430731802227,0.0936326305081415,2631.5593159897426,5045.473077252767,-151.47889890836208,-140.44743635523153,-110.21966929060775,-106.23623585655042,-93.42662257730485,-77.81706840390584,-55.74152651557321,-42.07644748508737,-26.698139107232095,-11.553431975936938,17.13318080696369,11.748679868923075,25.9020581674277
demo_002,D0002,Electric Garden,Mira Chen,Electronic,demo,,,121.76664611136484,0.20402805379391645,0.08169829298527981,3538.684740920943,5727.692620251905,-139.7952576974024,-124.30396663037246,-111.15476585355844,-106.07407765830955,-84.14270941546624,-70.31651352687417,-54.750491226167895,-34.77856977641448,-25.211235609802543,-6.818691495424841,3.040632555911132,19.562955189519872,37.05030580670832
demo_003,D0003,Northern Voyage,Nova Lane,Folk,demo,,,106.47444669648388,0.13356064340176413,0.06328582424881322,1788.914311952501,3968.1720671629873,-132.25377316326816,-138.96295817292645,-113.6790802398862,-95.19797547915995,-77.31022134912577,-61.81018736165716,-46.6532221184006,-41.2898005779875,-27.698814341316538,-2.636192949942769,3.469565400947081,9.294509413296625,24.933702287972153
demo_004,D0004,Echo Orbit,Mira Chen,Hip-Hop,demo,,,91.28253610184241,0.16781663915104925,0.05263465033092296,1906.0981007878554,4071.183864131363,-129.9952768482613,-123.2247723177619,-102.8457980995407,-97.5454075285332,-80.90443077252057,-66.80390315198663,-59.066717164712315,-31.354220153715346,-24.75521872162179,-6.6500470501785,11.34597327124727,25.322249408239554,41.32308087178229
demo_005,D0005,Velvet Voyage,Aster Club,Classical,demo,,,76.65265039872885,0.06384855364028863,0.04086555409256643,1312.3318956434114,3200.0507708825226,-126.8018061862125,-123.24383244288049,-105.02530043231512,-77.60617361771148,-76.8501117684914,-54.099875452263305,-53.468941440079014,-33.64350046294104,-25.60017643928465,-6.712264607204499,16.722465099659164,10.18143661446121,41.47538914836686
demo_006,D0006,Blue Fire,Low Gravity,Jazz,demo,,,115.71635852132964,0.14444443257253065,0.042350324465968106,1785.9494388860392,4334.810954403584,-124.82518283581246,-98.43576886943268,-99.4148450197842,-91.93797994097491,-68.56579492034948,-54.490026528225876,-31.626499398076508,-22.069110032683373,-12.145031526803926,10.456423129756494,2.989895565417193,21.131987738002017,32.5873924687558
demo_007,D0007,Velvet Horizon,The Satellites,Metal,demo,,,140.6791162245677,0.23813292638239109,0.10916430509112003,3436.016536787237,7360.20986283935,-113.29498745684495,-90.52615286646571,-69.68910027194136,-76.18472453379204,-73.91630496025492,-69.55637024585047,-36.858308301249316,-32.00352876248261,-15.322858081437483,-3.3967743924784646,13.873672908668919,37.02784184630115,43.25638853956276
demo_008,D0008,Distant Signal,Mono Bloom,Pop,demo,,,122.01464981333872,0.16862541299148048,0.060292730834793015,2117.736230676899,4774.212804620512,-153.95780382821692,-131.88808391181553,-128.49436478831322,-118.7295501313362,-101.72093409785897,-84.55180851628603,-46.47224214051869,-54.82109343379509,-26.29208637010924,-24.973417424696212,4.952584102993953,15.829607728846906,26.746896818735276
demo_009,D0009,Blue Skies,The Satellites,Rock,demo,,,147.51299148704967,0.23551201966793497,0.09040175214636814,3229.9755159829724,4923.9703567213,-137.3672699487165,-133.7200670914125,-120.94910660887906,-102.71339088317966,-79.5519860663454,-73.24493998908915,-63.2874178466699,-36.149690319520886,-26.56994849230709,-2.713952064032064,1.465875497775249,5.204247746235998,19.054726406034682
demo_010,D0010,Crystal Dream,Paper Comets,Electronic,demo,,,134.24312288120413,0.1868401820565109,0.08536757791113302,3024.1159473332696,5959.100569424357,-152.1578161516466,-125.10338564248764,-118.65684098287672,-100.79097493376057,-87.3075431881961,-68.54940360960853,-45.240145109490264,-41.025320744786036,-21.848489653785137,-28.65137680824818,2.1102527845590564,10.504157837657031,22.249495516610978
demo_011,D0011,Lunar Dream,Mono Bloom,Folk,demo,,,99.41354974605741,0.09341394995407493,0.04791151583243816,1982.0573009334885,4418.51705698194,-131.97793739756315,-121.1950765039686,-100.30081514045806,-97.73604543399921,-87.56754089336562,-69.290870535044,-51.060025669830225,-37.087413132370315,-32.67510457786693,-8.776081746977006,6.825826641111242,39.63979230027137,49.01475689025336
demo_012,D0012,Lunar Voyage,Mono Bloom,Hip-Hop,demo,,,81.45590034057193,0.20079377608029922,0.07409866661128613,2699.4613875454543,4075.651456275858,-140.83267070194887,-125.98317152054237,-123.67831223790924,-93.55132736435927,-86.49931529487651,-67.98551541892859,-56.5148862253407,-36.00410043402046,-35.06182713085305,-18.486361963127926,24.533976896226385,11.450619349807752,27.225715372362885
demo_013,D0013,Midnight Voyage,Glass Harbor,Classical,demo,,,82.47839812820081,0.10000210982728536,0.03134130359748583,1532.2885080350602,3058.1667626821995,-131.96222276753687,-109.78129939150605,-98.52187140426705,-91.00924856984079,-75.07058371612833,-70.99916646695985,-47.905389951797325,-34.13109992007164,-16.14264088298995,-8.442617750552127,13.772308180361112,32.10172654255863,39.24343462134773
demo_014,D0014,Golden Static,Night Circuit,Jazz,demo,,,107.370459327768,0.14741279329835097,0.056976271461517375,2089.666253146642,4832.741548387057,-108.25465352855524,-98.66316078019806,-94.41322757954799,-89.85445767755814,-78.89929177586734,-46.72085637528908,-40.39800619882289,-24.908852772867114,-28.956687895793543,6.169507852465446,16.135362705714904,17.366554524684176,36.22780154040041
demo_015,D0015,Golden Signal,Mira Chen,Metal,demo,,,161.7004013522906,0.2945663810496927,0.13578773926491933,3756.1270911342003,6788.807271939718,-140.5332675274504,-108.39480211607747,-91.58790062902042,-77.1320480825032,-68.97531665057032,-66.55377425982866,-36.376036130287126,-11.68119828668652,-24.270891239329103,8.410624109585505,12.371798215016849,28.009405233369222,33.576811914368406
demo_016,D0016,Golden Pulse,Aster Club,Pop,demo,,,117.39742144391619,0.1506998201851296,0.0687806418916047,2842.9193926519474,4974.1395386860095,-141.04852379065767,-136.2380547300936,-117.87609458562353,-111.62256762827766,-93.46763347312636,-84.32939058640221,-55.58332852324118,-57.67642898491893,-26.74119726065871,-19.275208460041277,6.869976747738555,18.75695190985008,42.56516926117441
demo_017,D0017,Blue Signal,Aster Club,Rock,demo,,,126.68006917328005,0.25477265806983385,0.0760208672065527,3233.7467524939125,5558.393343461283,-155.59144342862996,-143.1097389315232,-119.73774325698992,-114.73248119504902,-95.36912221917265,-72.50392422759005,-50.75750371114643,-40.129908222204485,-48.330316068784796,-12.565066167757921,0.5762685858606234,18.311122282981543,42.929677453209656
demo_018,D0018,Northern Orbit,The Satellites,Electronic,demo,,,119.30770594068693,0.199443749567742,0.08742767430197433,3369.540149526183,6104.913203891084,-138.22732811325278,-134.81754929217436,-108.98989048027032,-92.20222755208769,-84.13697583890266,-69.37479285841043,-54.337254085746196,-48.65676211791505,-28.180229441922823,-13.470180259618871,5.567150914827961,25.248593975282358,23.531711344172727
demo_019,D0019,Northern Rain,Low Gravity,Folk,demo,,,94.85277338977119,0.14099091515042483,0.06129025411375325,1971.831286625424,3292.5106699262824,-129.3683152765041,-118.64564813946778,-104.2654394648795,-92.06706798940725,-63.37877519723132,-69.14129351092835,-69.02817833653211,-25.665965107862874,-27.661595447654605,-8.636956445255736,15.476405478884216,6.6819236715285975,23.986822287150886
demo_020,D0020,Neon Lights,Mira Chen,Hip-Hop,demo,,,89.60745087276159,0.20706144581679672,0.07995422850428888,1731.8043035259195,3942.5168989278527,-153.48082749306116,-120.31517131687694,-110.27420826910668,-88.5749138262671,-72.38437099022984,-62.644068543530544,-43.41893531699317,-33.416309007079455,-16.75948235518827,-12.38738610295906,6.063108689348332,23.32420877325566,42.56422780333935
demo_021,D0021,Parallel Voyage,June Atlas,Classical,demo,,,74.00679531639713,0.09104958279813928,0.04964302023254322,1897.4001561031557,2505.661948387873,-141.85748317954256,-134.66892895878644,-107.42611552124141,-82.00452880217807,-76.27907253106059,-58.417679344465185,-37.286260026313656,-21.378510941858465,-18.553103477809117,6.828687116555178,10.737013267472873,17.300814209380302,33.24479718241012
demo_022,D0022,Electric Dream,Mira Chen,Jazz,demo,,,106.91492464222058,0.1130785545788567,0.07280666899886379,1963.8130752547138,4679.274751168272,-121.85738025392065,-119.57435151326027,-93.70242329229438,-84.7986932055018,-84.64724660678024,-48.82362406745212,-47.340005702469846,-33.02120190698844,-23.558019290317517,-6.484266213500444,15.923123525559337,24.736045272508754,42.62929601825985
demo_023,D0023,Blue Voyage,Mira Chen,Metal,demo,,,131.34314907607836,0.25206539717525983,0.109495896580728,3373.770187471322,7433.009399844692,-116.93298309454023,-107.54910024162676,-90.20979284762964,-63.891899518989604,-49.38415576756998,-51.94495091893777,-37.718475253463396,-16.890078740268915,-18.765288262138778,4.164562980946041,14.79309721636915,31.01126569166043,35.33304955240475
demo_024,D0024,Lunar Static,Aster Club,Pop,demo,,,123.22699385796817,0.17858042014018272,0.07295510902602954,2247.334576851391,4885.029584351748,-146.1520530407416,-147.44672893073303,-121.71833238039234,-112.5066258908026,-96.27491070432076,-77.26739480467694,-58.54663106419685,-50.964067871072125,-24.489187738125132,-26.885505809139232,-2.4492875011018524,33.53138981276666,29.784637941002202
demo_025,D0025,Distant Garden,The Satellites,Rock,demo,,,125.52467790043688,0.20243741359897757,0.059425653945900186,2708.691167937515,6440.778455266383,-156.81229751348616,-129.67531810949257,-111.31770396443272,-102.06774874210215,-92.28998986844553,-71.36827536553044,-62.4693844443713,-37.51562299627881,-44.651248673720985,-17.68485894494917,-15.926495960991982,3.0395133581823597,40.910897838511275
demo_026,D0026,Blue Horizon,Mira Chen,Electronic,demo,,,138.0220590268821,0.2152164003326235,0.10184585670479869,3034.940714908032,6725.6695977964055,-141.5209258282908,-134.72657828839593,-111.77935832399756,-113.23766682395555,-88.37858690158109,-70.45418021587409,-57.18880521456839,-35.42355102647936,-24.24283819011158,-6.903391855136024,-3.0069782578460753,24.432523267284385,45.03149558099193
demo_027,D0027,Lunar Signal,Mira Chen,Folk,demo,,,94.56393480272443,0.13619164752772359,0.05284928049460294,1834.121832073516,3831.550505306574,-138.9481134655564,-123.43416941341845,-98.48225582664077,-99.39416381955337,-89.52897676739967,-71.08851366422684,-49.38132839485489,-51.02607257744411,-18.90023277879103,-13.810170540941947,14.182501285868508,0.34591756079622726,27.70747379916665
demo_028,D0028,Golden Memory,Paper Comets,Hip-Hop,demo,,,84.00082418092174,0.2082329904586982,0.07401154154197258,2263.2969352235623,4170.8198307052235,-133.37289407504045,-128.81828833554485,-100.84520287280759,-86.94867223691612,-74.9196964987512,-59.297732457989895,-47.12865599353072,-18.96941357815146,-21.69675336842008,-9.206665746676613,1.471779357140977,13.491898635377305,26.044225699191397
demo_029,D0029,Silent Lights,Low Gravity,Classical,demo,,,79.72734399127332,0.10908635844597683,0.0110809364104015,1149.3496083310133,2973.675064334584,-122.7985234878403,-110.08469862159242,-103.27718645937614,-93.22332915731769,-69.6125766333616,-58.49621130011116,-57.58501807532038,-32.54384204787524,-15.903713503404951,-11.19755829190203,11.518747142699544,12.361420117937687,48.689488800097365
demo_030,D0030,Blue Memory,Paper Comets,Jazz,demo,,,112.17493747838755,0.10562594850894678,0.06618492483480973,1899.839889287531,4748.012303284733,-133.57706417141486,-105.53482813895474,-81.52162775401605,-93.16291775543442,-76.69970723268155,-54.36641305352056,-29.611070812003035,-38.52899450031923,-13.007711021544464,13.32039080650487,-0.7140731854341382,16.001446345233344,36.61114714831329
demo_031,D0031,Blue Orbit,Paper Comets,Metal,demo,,,152.17480069509077,0.2646505799651776,0.13241414618825278,3335.4303703918667,6613.806299807502,-125.02070029149536,-111.59292226481789,-88.67094711356376,-73.3965881413045,-62.41520508851037,-65.98477853907846,-34.69572448057399,-33.774464413395194,-10.117791107293892,-9.889875483192482,18.570577180344507,22.04720876554102,31.738922797915826
demo_032,D0032,Midnight Signal,Aster Club,Pop,demo,,,107.97950762270337,0.19448902856191191,0.08129408850343303,2061.4545388469805,5000.6545946288015,-152.8486924185712,-144.7073274730289,-120.73090965280056,-113.5176187773178,-97.29310657772967,-67.84885888157328,-71.82468842009946,-67.55224264743592,-20.112504039904845,2.6446236208560236,-5.742154123594655,-2.744704324961482,25.51612819043245
demo_033,D0033,Distant Horizon,Nova Lane,Rock,demo,,,124.17857476921697,0.2444349028659235,0.10955022604197921,2765.814156885484,4672.456060857002,-133.57852014443287,-133.62431734050352,-122.69860129654805,-106.13602571526017,-85.0779458642515,-88.84537284405775,-58.68487437618158,-48.12371159570248,-15.217399896351637,-16.39338187043966,13.343100888956158,6.170074417743942,34.69807333442234
demo_034,D0034,Velvet River,The Satellites,Electronic,demo,,,147.44342054415665,0.23050471496812344,0.08965243769514418,3106.598738171773,6451.21362289634,-145.14050261181956,-137.4693847583401,-118.23872750931106,-101.40270215748097,-99.64521772812414,-84.17526671456542,-52.6434653157958,-45.93174956935744,-47.51795473456454,-5.9712477071349195,4.678958042193919,11.539001407708128,21.465358311534068
demo_035,D0035,Echo Static,The Satellites,Folk,demo,,,94.95825299434699,0.07199109969034638,0.04343633866757435,1662.0594098800593,3813.524998556903,-134.99931839001476,-115.48619993147844,-115.17058334909828,-99.9832597835517,-85.83282536729584,-61.173586230568084,-41.01300447762614,-42.1707239451944,-27.39818982234473,-6.9873822090416065,3.0339079998967886,27.11642922511912,15.985781675047626
demo_036,D0036,Echo Skies,The Satellites,Hip-Hop,demo,,,81.05698168306283,0.17091305130328277,0.07822898842329595,2158.7523806233257,4060.4194788916484,-126.0962728667179,-122.71048520952561,-114.74650976216923,-92.70563632970823,-69.6066110284692,-71.55767052891923,-56.78459907137159,-30.78160832580621,-22.772288925846404,-1.5701224743242053,7.390825665637626,27.363309184716535,27.719375087674873
demo_037,D0037,Silent River,The Satellites,Classical,demo,,,84.50329353809164,0.10395297712262773,0.04933320866901911,1659.8221533055623,2403.4550424115387,-130.76943149538667,-106.97584914120557,-120.24590276297539,-99.97310951922661,-81.38309153516214,-48.31056906623737,-43.73930413664563,-25.861462076310186,-27.121287353009844,-12.95628700216421,13.582509733781684,24.466194647483572,42.389910550913015
demo_038,D0038,Silent Memory,Mono Bloom,Jazz,demo,,,126.06651561864918,0.1784012170888857,0.04894979522629046,2272.3050243172925,4475.039356084098,-142.97814844272685,-103.23603681878794,-87.9981992539045,-91.9149841561067,-84.87868325236502,-55.457721431942396,-35.05329418919577,-14.369243820525483,-10.869619423188393,-4.22373357268556,5.354955027321099,26.341610333365235,37.605882368917946
demo_039,D0039,Golden Pulse,Paper Comets,Metal,demo,,,162.1556260885739,0.28030132951504566,0.11743356732277335,3165.6974436798846,6770.706260934501,-116.45963500636758,-96.50267786364978,-87.91703085710978,-73.57988610956532,-60.90474973302232,-49.77366873598315,-53.268889037713464,-24.831031380715544,-16.449535670793,-8.738727661120164,28.45453295440659,42.331962727085624,52.873764802364896
demo_040,D0040,Electric Fire,The Satellites,Pop,demo,,,121.52138193939912,0.13533231221579806,0.07352778435005847,2708.88236033398,5155.466207725418,-154.51691257260467,-150.17121693467573,-124.90957689453278,-109.88783651085447,-79.61951066684288,-71.59629337189273,-63.40843648726827,-46.25970152159134,-32.64630097516642,-19.373311878364383,-11.159417579106295,11.541584979144567,22.031213946779893
demo_041,D0041,Velvet Skies,June Atlas,Rock,demo,,,134.27596333472908,0.22740105646473474,0.08746320699529551,2930.977736918894,5227.1431905444415,-141.7933052569181,-134.68869434478833,-126.76036262375321,-113.66959061886449,-87.24316076199715,-71.9657597250787,-49.701351107159475,-36.20016279726333,-31.057829252249377,-24.953647030886955,-2.5528527760871826,16.737849558484196,28.38333403688477
demo_042,D0042,Silent Static,Mono Bloom,Electronic,demo,,,115.84997311597458,0.21050483720525262,0.07596529699325655,2917.4700280198426,5959.707337840093,-143.04716488817317,-128.064367817183,-124.6154320087326,-104.5999289909233,-74.4977844806683,-80.5466361018743,-73.43323559176424,-56.644761225940094,-26.767120427386647,-12.002661775738408,1.5591131565990324,26.963518631428013,10.617324535176497
demo_043,D0043,Silent Fire,Mono Bloom,Folk,demo,,,97.59224835388912,0.1527150339973028,0.05537302705325384,1972.4297377730695,3906.013645402076,-128.58011773052397,-110.80090659609984,-113.68751380032118,-81.25951828748424,-81.715388184123,-53.47047178639135,-53.746389197227934,-37.45153739163084,-21.076204218857324,15.930829434940282,11.810284598758312,13.841883760388292,41.75198296220687
demo_044,D0044,Electric Signal,The Satellites,Hip-Hop,demo,,,82.92896345338809,0.2281070669364057,0.07075602842001641,1758.0939741389034,3657.8056806292766,-132.3073349871565,-117.35027282051081,-121.99573546164332,-86.91741865112373,-85.85615535864241,-75.28839308447529,-49.96728995086946,-34.57815197348437,-26.548049316578247,-0.10174513865620494,-3.2374013309672556,18.494450009819527,31.321006920535993
demo_045,D0045,Neon Voyage,Paper Comets,Classical,demo,,,74.5026694948359,0.08605677781261964,0.035099336472943284,1460.0310919750384,2965.949077746348,-130.0985543434345,-117.76773854229083,-102.82736090859707,-88.22385965224174,-72.19552128391855,-52.4188031212136,-54.88883920734047,-41.375772743206355,-26.74659086309906,-1.6886666626503448,19.959579029171564,20.549284494083917,17.986401246722764
demo_046,D0046,Crystal Signal,The Satellites,Jazz,demo,,,103.2341973696785,0.15992583250038728,0.06666698506380149,1888.236397933893,4624.584212369952,-116.60528311565274,-116.65813844545094,-104.39854367580435,-79.9189956918363,-82.28513655940895,-53.13246635743998,-41.67957453018987,-29.929539919345338,-2.293791142805901,-6.2276595623577435,28.982385364192627,24.446548406175207,29.783868440238173
demo_047,D0047,Lunar Voyage,Low Gravity,Metal,demo,,,150.6814195916115,0.2801504170109018,0.12037988879167792,3752.979959242266,7308.379418969432,-110.73993793583092,-95.00958594749368,-88.76469274299423,-68.5925703033144,-81.04638742379247,-55.0432523890277,-45.93604205058741,-24.546193110980862,-16.5715937535739,0.170737264402141,30.057399041632394,27.142241628636974,45.31033853752171
demo_048,D0048,Lunar Rain,The Satellites,Pop,demo,,,85.16428457306695,0.13691341481486455,0.0804212232112918,2574.1576276893666,4200.15562453983,-152.52303934472667,-135.03362491171518,-133.70691607348454,-109.95301393932496,-86.47768428093129,-71.82225089266278,-61.807122137639595,-41.15884832345638,-29.073866328049448,-8.147549933925427,-0.18512674434311105,9.904413475431722,30.68673005546419
demo_049,D0049,Lunar Lights,Nova Lane,Rock,demo,,,140.3192198146869,0.24086529685463137,0.09160645101022916,2822.39269803813,5495.942467914651,-155.6968163350315,-124.03567209108695,-123.87224105258142,-87.05663750077612,-90.01535882541077,-71.73571058494987,-47.06500481201114,-43.95178307045264,-38.01875184552641,-15.87781961355432,-0.28488588952072746,4.082066782387477,27.953343429273414
demo_050,D0050,Blue Memory,Mira Chen,Electronic,demo,,,123.27642216476598,0.20793024603188387,0.09544666731303672,3534.6113727753,6871.5791234781545,-140.06548640248175,-138.24769782935505,-123.83270106097018,-91.91256627677976,-89.29869497763785,-82.58473674077499,-52.94949832493516,-38.043041551738504,-39.24572205805365,-10.414146276291149,8.384664739426988,20.245091613650104,37.05585187009116
demo_051,D0051,Distant River,Night Circuit,Folk,demo,,,98.62642683392151,0.14890620409074515,0.059546111241500735,1578.9485974030156,4520.191060210085,-129.48153702795275,-126.37787345304147,-108.17823869578926,-90.36541702572605,-81.03057640560431,-66.45388649670764,-46.409974944990545,-38.974261168207455,-29.83429549098929,-12.815784526686869,10.071283021869938,19.523946329599646,36.721679814946704
demo_052,D0052,Northern Rain,Aster Club,Hip-Hop,demo,,,92.32453934118016,0.20988417569439136,0.08254638729747617,2558.7849421074916,4587.1932707485175,-139.00595795005532,-133.99076274548148,-114.86034967669042,-100.41836128542657,-77.58261345073973,-65.9408040443699,-52.19465574112474,-30.29238427614017,-18.28099711045837,-4.2216170348457105,10.778627658629542,26.679077344017905,19.136373265780456
demo_053,D0053,Golden Voyage,Mira Chen,Classical,demo,,,77.1610368078728,0.113564861582299,0.028532497991183226,1563.7531846411662,2566.0451225822912,-134.0028886191752,-112.1187110996341,-106.2233410985945,-88.01114121154679,-66.11090946431386,-64.46217076791538,-39.55457088605999,-26.580789050461583,-25.63833453704657,3.7911530257392076,15.588530762972042,24.81540709898126,31.901412335778783
demo_054,D0054,Silent Dream,Glass Harbor,Jazz,demo,,,100.35233702938802,0.16137559300868798,0.07734151148311841,2029.8873932465779,4115.339149557319,-126.63254867551079,-110.37281796340793,-77.93895883952867,-94.76852524416294,-58.22388346807893,-55.05126068810176,-39.210624655872294,-27.803216692894363,-11.442185454438135,-2.479480834896142,24.132401451659668,22.59823084620222,49.05787657743398
demo_055,D0055,Neon Memory,Paper Comets,Metal,demo,,,146.32500153456,0.24504725850502876,0.09647649756973503,3619.843669653119,6481.018961263143,-128.91693570454342,-108.33434122841847,-105.74235407777222,-86.80302389375062,-64.18571163112692,-41.94789441806883,-16.526313110163976,-30.192680680567207,-0.5175987468364802,3.450019843213183,13.790018826028993,31.96075561380922,42.495331869439674
demo_056,D0056,Crystal Garden,June Atlas,Pop,demo,,,124.30650841173627,0.14610465072183615,0.06546480653849934,2788.9269176301027,5061.2946699585045,-159.76871119724933,-139.68195498621478,-118.14054197667498,-107.80708845578881,-99.24843949312773,-68.9396563548084,-50.86651597614694,-44.293546757417175,-25.21069190924728,-7.814320025489511,6.540794531236109,17.66279341690099,32.786776376599065
demo_057,D0057,Velvet Voyage,June Atlas,Rock,demo,,,130.342418281363,0.23324612176657258,0.1162560949072122,2824.404039399951,5295.124672623745,-138.1008136825131,-137.17339506949833,-129.21799073021413,-106.92349757656274,-89.18374962207541,-74.36809026927992,-50.930556169946385,-47.89016340002756,-27.183724225576604,-22.90901719547685,3.602538224350504,15.024868401485094,24.00149329372386
demo_058,D0058,Crystal Signal,Night Circuit,Electronic,demo,,,126.13075093743812,0.2372526106191003,0.09067704637632971,3050.096062651052,6538.188788093958,-161.77960766088114,-137.40365881583583,-117.60458739565082,-106.23682140941314,-74.94633925297762,-72.56950220316975,-46.19244600545398,-41.25636292759705,-26.702177308627387,-12.960371581700008,2.530370012971673,31.000360024398873,13.443114185990254
demo_059,D0059,Echo Rain,Mira Chen,Folk,demo,,,88.43406917004258,0.10537104919222934,0.04466989985771716,2538.930263939732,4674.749037531273,-131.75843677477815,-124.02753734982747,-103.29873942010526,-94.31883789254297,-86.49186421426307,-61.91746528799996,-52.11509501937058,-38.489281225964106,-12.216371422483405,-29.106977028320692,-6.341473361276558,10.00343658900504,31.093914819449555
demo_060,D0060,Electric Horizon,Night Circuit,Hip-Hop,demo,,,97.69572123146575,0.20973403308454516,0.053483350011064634,2167.7885968088913,4657.10640908742,-138.2939953414772,-123.6586663224544,-115.69363197750636,-107.51504330580214,-78.9350414912682,-71.7328158659522,-50.17880425329608,-48.05164679234782,-27.09579566648206,-5.560983237577354,10.4296767822715,25.089775669936117,25.4360881267437
demo_061,D0061,Parallel Pulse,Low Gravity,Classical,demo,,,85.78204038527127,0.0974400823347226,0.0321932365551329,1274.7047599516277,2793.695062302535,-125.09627695620321,-117.12790317955535,-89.74576887519157,-79.93991383210752,-76.05323293119802,-53.999025502904445,-30.529652118494504,-16.316123193735784,-27.823999046579978,-11.412264889257205,21.879350293870807,15.533751593298902,27.419670933666566
demo_062,D0062,Blue Static,The Satellites,Jazz,demo,,,113.69884319210787,0.16956397064287898,0.04918923605634509,2186.2272480900942,4513.347120651969,-132.03607702927155,-92.9969369817915,-95.11991143051556,-76.6559275647621,-73.91261974495139,-57.73765341748839,-48.20843185096284,-49.963666679353615,-26.024074214782928,-15.734949439843158,-5.4982702236128596,16.687128205615178,50.59964543505305
demo_063,D0063,Lunar Voyage,Paper Comets,Metal,demo,,,140.9883771051911,0.32208965523845057,0.10862828194533143,3721.666931238151,6629.234249201968,-124.61317833786954,-102.02367703507068,-88.47049793140134,-83.89642096904066,-74.98214745816796,-61.973026655186175,-38.3079556646283,-22.883921049685483,-18.340206643663315,1.712682730608789,19.564296289107883,33.445525717322404,54.41504096097991
demo_064,D0064,Velvet Dream,Aster Club,Pop,demo,,,118.87672071662004,0.19989445024360583,0.06963410811204064,2437.1147022365885,4650.3354819014585,-158.29719502765573,-154.21157487819946,-125.87251608173078,-121.72506588244487,-86.26160611325783,-66.61565874288601,-69.87528791437352,-45.83423405984583,-38.803132176063805,-22.777877841094316,3.6959576309229707,12.4416939052527,41.91718433544809
demo_065,D0065,Northern Pulse,Nova Lane,Rock,demo,,,142.7425671467074,0.1857346147551147,0.07083076886161652,3056.918050357141,5426.001432690468,-156.6884569187663,-129.70334772334598,-114.79800795537308,-100.25156244075546,-77.70427476865885,-63.40524159010957,-62.99955751879308,-42.015581452526575,-34.9888055140657,-14.813157471083557,-4.797995592950918,27.96056247308841,32.9095852027437
demo_066,D0066,Lunar Dream,Mono Bloom,Electronic,demo,,,126.4813346413971,0.16788994612528813,0.09237124526028477,3346.0023181827573,5992.025887144127,-142.9964295979139,-140.86116882654838,-115.68586968680293,-84.72192471678926,-79.4064030416331,-69.8923476388575,-60.0124312808395,-44.90658281495515,-44.033583113600145,-10.188876632630716,9.263864867854831,4.645045382635079,26.708664861545472
demo_067,D0067,Golden Horizon,Low Gravity,Folk,demo,,,112.7137220696437,0.11098727879821589,0.04827095003094705,1894.2155733392053,3227.9597315038645,-159.84566807987633,-133.4713490080191,-101.13678452717843,-118.72395424582858,-84.78018729754815,-76.94000622773807,-46.56343758732131,-43.90091161714769,-20.768367834115107,-4.9763166466472555,19.68980671784016,17.876464450597037,37.00835495698089
demo_068,D0068,Golden Garden,Mono Bloom,Hip-Hop,demo,,,90.07575897718559,0.19005293090953762,0.0751335567789656,2364.137667641113,4273.512381463131,-133.1698397685685,-113.01026981659992,-104.15652941202167,-104.9611805134298,-78.99047435463727,-57.813768776164075,-64.52391012772726,-43.84812811054171,-13.98765116734784,-4.589236526421708,10.79577265701403,36.625958460986496,39.74842222804962
demo_069,D0069,Distant Skies,Mono Bloom,Classical,demo,,,78.30694023989402,0.09365093304880548,0.03546632160690074,1688.2409746793874,2354.720085620137,-138.25917615643877,-97.52124462327937,-99.38525223689582,-93.8582830512166,-66.67255758176321,-60.87316121249068,-48.02305157054265,-27.501817024684055,-28.33505814585352,-1.1789823686626208,25.303638461854018,27.729421297578487,34.990303169732286
demo_070,D0070,Velvet Horizon,Glass Harbor,Jazz,demo,,,112.62108275162642,0.1868402848063274,0.07471240691892815,1304.5657120164867,4063.5014214197968,-118.10399959670293,-114.2874922011405,-94.48441771443703,-92.76590328160691,-59.37095146520451,-46.28492031862501,-34.823275793999414,-40.86803820634832,-8.367031431471577,1.988840701085671,-0.3421699770605411,26.055620929833477,42.9162759122661
demo_071,D0071,Silent Voyage,Mira Chen,Metal,demo,,,148.35750141614764,0.2943886627499974,0.09808216685262627,3757.457992855691,6460.686546536535,-121.31720822035162,-120.51678858181577,-92.2465355341415,-69.50993782071595,-74.69254287672473,-49.808792490481025,-46.3265878183715,-30.875296189437414,-0.18085092663971913,-2.8404625608945997,18.697699912084996,13.530255071512103,56.89854049115904
demo_072,D0072,Midnight Pulse,Low Gravity,Pop,demo,,,126.95941254650786,0.2042784751705728,0.07533626624431052,2393.521198863144,4609.954204372969,-156.63255612038748,-143.68324491972388,-129.14521122196467,-103.69263510697273,-91.95274519916622,-73.53601486877568,-63.570357515884574,-44.144401511382554,-36.35078995140031,0.0878547312763871,-15.043443331443989,22.837498588503877,38.943259605767764
demo_073,D0073,Solar Skies,Aster Club,Rock,demo,,,128.04011065923262,0.16610952939137325,0.08003219036366997,3141.4185693648233,5114.210819972854,-146.87575522944385,-123.79050979972882,-118.54948625710864,-112.29154898509832,-83.40458350092017,-67.63079402884166,-54.762723772417715,-39.03600874780014,-32.16742504126246,-22.431913337044637,-6.9455474451262385,1.9162940123371364,31.8955888923676
demo_074,D0074,Distant Orbit,Low Gravity,Electronic,demo,,,146.69630183733588,0.22226856409380433,0.10642382073069674,3242.903049904763,6514.073046497262,-142.11526657874526,-141.37548343980205,-103.99035614112616,-101.90222128043742,-83.67967682813172,-52.643761664946524,-44.36847919528477,-44.202524970296466,-31.745761478962873,-14.854360092156254,6.579185987812285,16.40820692599303,28.838046839972225
demo_075,D0075,Golden Signal,Paper Comets,Folk,demo,,,100.53480903030653,0.182399968755636,0.03751434504496533,1798.423823324209,4633.516652634163,-145.79688841214178,-132.3300737806993,-107.3223523598801,-88.59157406027748,-81.67794798399629,-77.79114668066958,-63.882066930314615,-49.917091217489926,-38.140976903515046,-8.6241171244233,14.000351373664202,19.39267370460153,15.916681941297181
demo_076,D0076,Lunar Garden,The Satellites,Hip-Hop,demo,,,82.06410228165504,0.2180699366023312,0.056198974070171645,2435.1140259776735,3991.9640007906073,-131.40017326922762,-116.24349541186861,-105.58332450380897,-89.61045169074188,-71.77912375777171,-70.22589055114213,-42.4755313687344,-46.23402413508431,-18.373056217347695,-5.320072293709383,2.5696552944631366,21.568517797394826,31.019678778675576
demo_077,D0077,Neon Lights,Glass Harbor,Classical,demo,,,66.85906166388077,0.10525728227715367,0.031421481257229884,1791.1265681771777,2964.4750123493536,-134.53035932464806,-120.99682726572144,-91.3988261690013,-85.35768043506727,-75.69387042035515,-56.01024447144221,-62.857538778637505,-32.34506871712726,-2.0198865775618984,-2.9412279487786197,10.543305353354684,28.38502703713757,45.16484194651476
demo_078,D0078,Northern Horizon,Night Circuit,Jazz,demo,,,128.07879847566625,0.1260143061714533,0.06899067512641026,1611.2895994525286,3799.986184473878,-140.47624588570494,-121.39411133475198,-119.4974081570446,-85.6230042982633,-71.50707301811507,-59.64570167825518,-33.868967687762094,-19.161841307866453,-16.36310738684889,-18.327549339814848,17.438252643938068,30.692881828068604,42.47513256125556
demo_079,D0079,Lunar Fire,Mono Bloom,Metal,demo,,,146.71077365297197,0.24560216028496124,0.10745954670256626,3260.561273832523,6931.759301697625,-107.86905082619731,-108.5871985840068,-86.28061915893761,-77.60435689024604,-66.83966524800138,-41.58919740053848,-40.8932705972152,-39.745904860507764,-18.42592073561364,5.909533829613554,18.164072850900066,15.963533998116494,36.20525984473439
demo_080,D0080,Northern Static,Night Circuit,Pop,demo,,,117.8835510870677,0.14366001800170922,0.05985132841371401,2457.650129652093,5142.375795490569,-148.52702951207806,-140.91648366471054,-127.63631836696585,-108.1306055036871,-100.5326008596446,-87.92465665733953,-71.02176967140574,-53.32850531177165,-42.30779039833817,-16.453523527497,3.337725390269667,0.05321359361406586,28.201029689728266
demo_081,D0081,Northern Static,Paper Comets,Rock,demo,,,130.43546069914845,0.22176057014660883,0.09953565197593639,2967.659988934694,5537.965347919581,-167.71349896834403,-132.23418736158737,-110.48302395769886,-106.2242070096497,-85.59838003178848,-80.62455264718241,-60.95492959421502,-57.967308146465214,-48.75474646735099,-7.457873590197798,-7.879959421795535,11.355777239972555,18.908461973838456
demo_082,D0082,Golden Signal,Night Circuit,Electronic,demo,,,125.6167924106,0.22196496765287593,0.07686314165807802,3288.353637209174,7353.12519881863,-143.09119367257244,-117.62785436054492,-124.0407501523591,-101.18947892962335,-76.93848143584329,-61.13368152529571,-67.87410919475658,-44.24884353324696,-16.135031233061916,-8.185367158407477,4.062104251838182,15.508522452522746,28.929592594338036
demo_083,D0083,Solar Horizon,Glass Harbor,Folk,demo,,,94.52307106555197,0.13364845735361935,0.054795545327950446,1973.5978328825972,4366.341519199886,-154.2158931146086,-122.90789980648016,-117.08152070895125,-91.880779379846,-81.62754021337712,-61.40516180766029,-43.59594738792976,-36.96063105785455,-14.943581692686575,-28.25438315030942,17.723618383328187,22.500497215138722,42.62274684596146
demo_084,D0084,Lunar Voyage,Mono Bloom,Hip-Hop,demo,,,103.45594491879197,0.22340742422952234,0.06537244022172208,2188.5239308092264,3826.113851048258,-149.12176252242278,-112.95944742626153,-106.43374472033658,-93.88025488899638,-89.76892187507912,-59.72561065298508,-68.8128628082483,-30.062847910090298,-32.93684668378393,-6.322336699060208,6.546649301376637,31.10630517835107,34.57075864788888
demo_085,D0085,Distant Horizon,June Atlas,Classical,demo,,,81.19611637569339,0.06004869061808216,0.041621481422416985,1567.0053750896764,3002.20965256313,-126.89220639318768,-130.07852566156373,-95.98562827331635,-86.97102726006987,-54.90438560340862,-68.80108442979444,-46.821296728325066,-17.613698392615497,-8.468882877668685,-9.569696412639198,11.791739426987583,24.0159948513207,40.25564693915326
demo_086,D0086,Lunar Orbit,Low Gravity,Jazz,demo,,,105.18669795603299,0.11068679374993898,0.0434166116236364,1911.711851574883,3662.9042126084373,-137.9204071246783,-103.3417450971883,-94.58379969605758,-89.55812078160781,-72.2448035747045,-68.2553552222547,-50.70328102222324,-33.05249077085712,-5.17263350175879,-6.366027127099805,17.62170927463007,21.94347037710736,41.983580486815
demo_087,D0087,Blue River,Mira Chen,Metal,demo,,,148.52441849975702,0.26547599528671295,0.08769116315533898,3616.657587042693,6551.337583816574,-116.71830387456359,-110.22614531886462,-74.00314759978855,-93.40171676109705,-64.3709345703216,-61.52362418804535,-42.94721072306143,-24.368644213275648,-30.602970998994294,3.3946089343042196,30.223259698193342,24.872493613051258,44.078462854444076
demo_088,D0088,Northern Fire,Nova Lane,Pop,demo,,,118.33770909105638,0.17772822675935093,0.07463000983098979,2394.2624714766703,4079.9491436747944,-163.1014708111053,-138.73722631777846,-129.16944285444944,-113.4774090489242,-89.14967075113033,-89.45705929059076,-55.12147771140993,-59.43148930494723,-38.30161126684211,-2.3664304474673816,6.518838093139378,13.530831939963521,20.475758275990266
demo_089,D0089,Northern Lights,June Atlas,Rock,demo,,,127.57427322242879,0.26232139540807387,0.08570587926183926,2689.0738963262456,5117.760515774313,-154.13208593728666,-127.68300756810523,-130.94667438040895,-106.51644409231423,-96.55803143016675,-74.10919656481511,-63.109065448534544,-33.180850680202646,-25.94733476647797,-25.49442532621769,5.369824092909589,8.802785149903496,25.384029028979732
demo_090,D0090,Electric Pulse,Mono Bloom,Electronic,demo,,,117.74021816324237,0.2902392242524098,0.07958338658842726,3168.7245868984337,5543.003290679605,-149.5251099868403,-121.4564675556175,-110.46962965111757,-87.07044836790342,-67.85884636880596,-79.49573625545872,-55.93664698138169,-51.15960253314746,-33.220847421986136,-17.290660082045356,-5.957238993106195,8.83490181681269,30.84572497183796
demo_091,D0091,Solar Rain,Mono Bloom,Folk,demo,,,87.6718829798269,0.13753880767032262,0.06718618259779516,1468.8327529486162,3896.6010583895086,-126.35126593497888,-116.54399455357667,-108.6246730341111,-107.27442039023653,-80.31466497820304,-76.47144836813804,-41.30115789221311,-32.02644214517462,-23.236487692098112,-28.99100530597858,-2.867327829272245,25.00208905279898,43.703069533785246
demo_092,D0092,Echo Signal,Mira Chen,Hip-Hop,demo,,,91.99493212589337,0.21099233816493904,0.08152881169113357,1742.2679621874554,3651.2514359606457,-132.80926081353235,-123.15611667877388,-121.31729484320961,-94.85558488058983,-80.61844344204019,-64.93457923638204,-54.007771403400554,-38.794097225931736,-21.317650258775824,-3.210363160242311,5.064585897146662,18.472808573055985,36.73883230603566
demo_093,D0093,Distant Signal,Glass Harbor,Classical,demo,,,89.74476737165301,0.13897040619497714,0.02948668090926451,1391.121808018524,3421.326981991686,-127.80956923741185,-116.05693484102812,-100.63858445446454,-91.69701660137956,-68.68517060608055,-52.53888925607104,-42.12814164838778,-34.08662766723666,-34.86151510091523,2.153889664297025,19.773829329740742,29.156467295871842,30.96286058105995
demo_094,D0094,Blue Memory,Nova Lane,Jazz,demo,,,110.29425702727944,0.12204235456983639,0.055385398679784995,2221.9583293718442,3924.136630063376,-124.54071942849474,-120.1886208164102,-94.18306971978637,-79.12070692947867,-69.29629682935199,-54.49332058256044,-44.569647213485844,-16.923768514271526,-22.20553746970141,-5.948566102110231,12.587884108220205,33.28163222160714,28.021014639243706
demo_095,D0095,Solar Fire,Paper Comets,Metal,demo,,,151.41509559092574,0.27477419359931454,0.12314228741680035,3353.597675939864,6701.295044375154,-118.14974381805308,-108.89470326201378,-87.62308547922851,-75.69897546121592,-71.53546956939688,-53.84921402720362,-30.650052818236045,-22.352985037967223,-23.17569646200905,6.744944489371061,6.3231150205100946,39.80010455968805,50.1927907187282
demo_096,D0096,Crystal Skies,Glass Harbor,Pop,demo,,,120.40062551178977,0.15341100676413205,0.07739562021493818,2044.087240230891,4933.429036525366,-148.0245250678444,-144.24445234820473,-129.42954191992555,-118.80492384579567,-102.51578196900938,-93.37716249153202,-57.66136968787576,-33.77868366333783,-21.597368452237554,-30.758675909012133,3.2988373724496,24.12685079938845,24.34552015409069
demo_097,D0097,Electric Horizon,Nova Lane,Rock,demo,,,137.57194516618367,0.21097720109033152,0.09538844120872436,2888.3038059264823,5197.970301345547,-141.8038985965865,-141.26543889372135,-129.09538065128348,-122.24818434039985,-92.13130827260142,-79.65275147425284,-72.40815529878444,-41.37584994950263,-33.59976305491719,-23.60588766916186,-4.436579245123577,23.570436311436925,34.82349555004178
demo_098,D0098,Echo Voyage,Aster Club,Electronic,demo,,,125.5040811086194,0.19019011673893915,0.07800261913236771,2885.5216713135733,6472.476836369167,-141.51633331234066,-136.49346763715562,-111.42143433779106,-96.33512982774967,-109.33727904557654,-61.727554371919055,-80.88106052282203,-46.678392204449004,-18.79721572593796,-14.788293802019526,-9.229487859756336,8.500103506266635,40.21524597056496
demo_099,D0099,Electric Pulse,Night Circuit,Folk,demo,,,82.3767041213563,0.12050808822879568,0.03336572564298541,1704.4381743024446,3509.085757900557,-134.14057752189728,-139.25328907100837,-114.22873694815468,-103.40548529875421,-71.65192025232504,-78.30079294501137,-40.16616716251989,-38.7663579161355,-33.2954752510407,-14.918193472074222,-1.4129507261476046,9.303052783875952,34.75861487784301
demo_100,D0100,Parallel Memory,Mira Chen,Hip-Hop,demo,,,89.87482917399814,0.19164030606521748,0.07582112642196535,2311.9809774577307,4461.896003541138,-141.9697285762065,-104.74229518727877,-106.04870746264343,-90.28703192803734,-92.21118637073836,-68.98170506909537,-47.777578960467906,-43.44623130330405,-13.735497251856117,-16.371572687208243,5.209070913078595,17.06158688019553,37.31456527505533
demo_101,D0101,Midnight Static,Paper Comets,Classical,demo,,,82.27942480439698,0.0936984296149161,0.030568280704823737,1374.6323399765338,3185.303899069369,-133.44366666769565,-109.62764775584003,-103.88667395051345,-90.4535783026075,-73.162479760895,-46.427306536233196,-56.72284966416963,-25.84114485555716,-33.14536928990484,-2.2618147341710086,22.600662620869848,27.909348195738456,39.36500062831834
demo_102,D0102,Northern Skies,Glass Harbor,Jazz,demo,,,113.90608841105096,0.15629636038237513,0.04314250142867607,2341.896346186572,4159.496332599142,-131.13773654824513,-117.70025456547748,-108.3819475007374,-80.62419979128883,-65.63741390426351,-54.39671644610786,-34.778636058170676,-28.04705890335418,-11.863912501073946,1.1806994051005026,11.767679844654337,22.003425374962823,57.71322092633529
demo_103,D0103,Electric Static,Aster Club,Metal,demo,,,142.89012281519157,0.28324824635415186,0.11416241457085435,3103.2966771291076,5967.1206889306,-128.88744876172575,-96.98972708516901,-87.99459542723076,-89.61633593558331,-51.782537277938204,-47.22962105307046,-39.08156892500037,-12.778249555025765,-10.725617729362876,1.275335399167744,9.717599071824088,33.15480351445663,45.81282373859184
demo_104,D0104,Crystal Signal,Aster Club,Pop,demo,,,123.94033742611302,0.22791112191838525,0.06583872819227207,2091.421194649367,4272.435903347098,-150.47877296952186,-160.5651065204135,-122.85671578430993,-113.0746644620306,-83.53402714496072,-82.69774567323101,-58.22412628598483,-51.425310729902336,-32.090014772110855,-11.85530775263959,-6.200445730596641,20.722439075987232,20.050416983148136
demo_105,D0105,Velvet Orbit,June Atlas,Rock,demo,,,118.97695881226485,0.28305899854989125,0.09827435021630927,2948.7187709596355,5267.120382965612,-144.7164594676125,-131.01661652584497,-119.18194672282067,-113.98365639285704,-83.86506165336752,-84.79763822120432,-50.7284033409848,-22.14049261488108,-27.068390827427596,-10.335134914738056,-3.942878151164475,0.5182934313054695,25.17824509575822
demo_106,D0106,Blue River,Glass Harbor,Electronic,demo,,,129.6653750436192,0.2296764682348936,0.07115590100320288,3191.1964931299312,6539.635106905003,-146.3829686595475,-122.53359454208534,-115.75869694956172,-96.50444849580214,-87.56803438276013,-73.98722312585637,-67.75531332481489,-57.57199249893702,-29.092495208531215,-11.79802646405414,-7.789040293670327,16.97420107972294,32.43002050392402
demo_107,D0107,Velvet Memory,Nova Lane,Folk,demo,,,115.89143570413098,0.13641646826780654,0.03442616925404654,1714.4069307231352,4231.905945719026,-133.7834163280728,-126.26228629611148,-114.74381050659434,-101.53475587467604,-78.25744173672274,-65.93916821485689,-47.964767951182395,-37.44500949503078,-17.449888397220466,-8.743259736338398,11.277509729053492,26.46658216293311,27.56378695820149
demo_108,D0108,Echo Signal,Paper Comets,Hip-Hop,demo,,,98.95285826824485,0.22387864204862076,0.0705306040348022,2039.6272439153297,4529.098640966965,-137.23741464906314,-124.84649135455302,-95.29294511749626,-100.62829717107049,-84.38522686203868,-62.05890819961386,-46.37636054356894,-31.279255725274147,-13.710095643448426,-5.161371034547865,11.415071511507273,19.676325925479333,36.50158642589371
demo_109,D0109,Distant Horizon,The Satellites,Classical,demo,,,84.87185350621216,0.1314778712333684,0.03886041627288794,1363.6361822418587,4262.7135961301365,-130.22414227916596,-114.45454736149442,-84.34779754287678,-92.19018222832989,-70.62168784699712,-51.45230346204561,-45.21598468720494,-13.297239046622678,-21.024314333851812,-1.4072862214396236,3.6095540408561444,21.187802118853654,39.99147128317326
demo_110,D0110,Solar River,The Satellites,Jazz,demo,,,116.09736357882254,0.13140347682260914,0.053741536262563394,1804.5720835722793,4759.498089920373,-121.84609880446375,-117.00585236782838,-103.05411009798455,-91.29143931625072,-62.507445153145696,-59.16501834314593,-41.481100194748116,-29.25806939550615,-9.148060736472523,-8.023952743072162,3.895421710855876,28.044378457452755,44.807674277599176
demo_111,D0111,Golden Memory,June Atlas,Metal,demo,,,154.56955606474426,0.29507517133566696,0.11051909275811342,4001.4972846847536,6700.805380087302,-114.9326276717812,-101.66005299456901,-83.0223086308604,-56.99880601409021,-79.67380883128125,-58.40701264701686,-43.92940067339619,-32.30655697906154,-20.6206659808297,-0.897224512442925,5.267170277684761,31.180338940299304,42.413586571428915
demo_112,D0112,Echo Dream,Night Circuit,Pop,demo,,,118.12664874586154,0.17462127085572177,0.06523931505183989,2309.7208527005037,4623.950546763697,-169.89987802099836,-147.76900596612973,-138.42402391222254,-109.11132296678954,-94.97444179242667,-82.49740558319566,-47.412591100795886,-43.85813700738471,-27.191213108429324,-25.198587903536826,-10.493159130648099,13.044443992775639,29.384057117217807
demo_113,D0113,Solar Skies,The Satellites,Rock,demo,,,132.10149926956794,0.2375481607866873,0.08720884496467837,2463.7538791599213,5439.852161792472,-149.27359981111962,-130.16166733959545,-111.35315036039303,-107.35478178821799,-93.64924956892287,-71.49875461172554,-55.11324066871317,-48.47360346607108,-23.676852184270622,-7.1633172707522155,10.333491725269385,29.22656725375858,23.06867089072449
demo_114,D0114,Velvet Dream,Night Circuit,Electronic,demo,,,125.64810970905103,0.2177451896655653,0.0741699219226805,3070.706963134594,6628.6315585895445,-151.1468452763833,-129.562052154019,-121.85234833359083,-109.54726676675473,-84.12561311698482,-70.04262778554804,-51.865744229432536,-24.263089868658998,-24.781683750313224,-8.369345863486963,-6.120490630938603,6.954740475709004,44.662635574186666
demo_115,D0115,Midnight Lights,Low Gravity,Folk,demo,,,91.35794485014206,0.13829988733642337,0.05796019779532893,2181.9924617805996,4136.8974837842225,-146.4479488706544,-136.64937987492937,-103.45925103280166,-92.5616247044957,-86.9641489651893,-80.15733612901535,-58.9569868515085,-38.93763549479417,-14.674623280929447,-17.792655798957256,4.323840947908213,24.901157279159186,14.949861279024635
demo_116,D0116,Northern Pulse,Mira Chen,Hip-Hop,demo,,,64.42598120318844,0.1780477909322049,0.09263426990267298,2107.9001738126217,3646.818414054532,-154.01832393383984,-127.02823397724794,-105.39435896517377,-93.8098390889583,-74.17911416194583,-57.43506755464236,-44.63238610856257,-36.96419954043572,-35.770696088963845,-10.393849990838538,10.830945185111641,13.02642197959618,41.05019784097261
demo_117,D0117,Solar Rain,Mira Chen,Classical,demo,,,92.48450000669315,0.12319355998878014,0.07087020924363677,1254.999548575387,2881.8177521478174,-120.11802089351782,-115.89315526765061,-93.1604760883382,-85.78433059824508,-70.33152691030264,-57.09592601828387,-40.420093504632,-13.780556411551213,-10.231949312326496,-16.64271454276428,13.573292122231226,33.131846144825744,47.62160645228917
demo_118,D0118,Velvet Memory,Nova Lane,Jazz,demo,,,114.46508637279908,0.15915832334125107,0.05654057450247217,2155.295402920416,5160.786085865004,-127.44895238767963,-115.1717772003102,-104.62016599810883,-105.85140404538994,-73.47759578978507,-53.29513552240076,-46.445774764047286,-13.266950531767122,-14.8929934982731,9.078232441473084,14.591363301839747,32.861258479146066,42.233932431468496
demo_119,D0119,Distant Memory,The Satellites,Metal,demo,,,149.6975690403947,0.26771147934607087,0.11601593536879318,4169.533331928387,6958.8459853686945,-122.16317553676353,-103.14428085717401,-82.93776839304445,-70.37797375244575,-65.90626865824508,-71.5671096236589,-34.86637745081227,-43.25579406898442,-0.2405021524701514,2.8557909695460846,22.997392158975913,21.28311089455159,29.579940213599563
